Open,High,Low,Close
100.00334286251895,100.13701690056796,99.50742300295049,99.96581529403869
99.9174433685693,100.43536899326625,99.62524342151784,99.90283066560808
100.63465215410234,101.00770976636304,100.1118164416322,100.54594953820363
100.07219408018882,100.27365335532852,99.50550115977974,99.95767200833104
100.46543468694234,100.9956876278296,100.3540119251921,100.44770925853629
100.26256591747713,100.48228590476705,100.33349033792548,100.4320234327227
99.28865951594373,99.85331740031589,98.92183751369295,99.24793825965138
99.02461141261921,99.54521146626519,98.67934391150247,99.02628000927754
99.59691300647933,99.65093200274865,99.43697213782337,99.51394376545153
99.31534585815422,99.88959997643563,99.16921767230863,99.27022953779961
99.48118711978047,99.6906304102013,98.91389005523064,99.34377326421466
99.09108114871789,99.16007360424588,98.83967578244328,99.13410495446385
99.11243175609087,99.16114863549316,98.82369919206539,99.1836741508641
99.16753567374278,99.27304371133762,98.873667734547,99.19478363417387
99.49155144269085,99.71853240511284,99.10642861794076,99.55687375437097
100.21035388713585,100.66146779059119,100.00256070383519,100.30276649964824
99.69103794810131,100.06409131367788,99.57532249820328,99.79241191329707
98.89802874282235,99.12247122143188,98.87108939490824,98.9710576172384
98.37251044008785,98.78203980215343,98.35259848358601,98.33945397487092
98.29810787672177,98.53735822382963,98.24938648804667,98.17293030429275
98.83580083344849,99.03344068322991,98.43527490071008,98.85049829542025
99.05311434480241,98.98049024005441,98.47098215139643,98.8648810930907
99.30587970521456,99.29436211636471,99.05389796688614,99.35507503005188
99.61290790304194,99.89265305804055,99.15638670049256,99.61904701401612
99.62520580574518,99.68557659988545,99.51467127197431,99.54659153680844
98.87912660909956,98.82793815438168,98.31528780105798,98.84682745331693
99.89497891819974,100.42352862890914,99.35715138563411,99.9280654859105
100.07626619067538,100.26843168983356,99.63725623827312,100.09229197833679
99.08697844223596,99.2200160994551,98.59292888540294,99.1715625516828
98.94345456832353,99.28545321458193,98.7494949762593,98.96462518718573
99.01727468864568,99.39970643852926,99.00033607834325,99.06536275862929
98.67855926025027,98.93623188056377,98.30111595495158,98.67140949313291
98.26373093965252,98.93305059175898,98.15683852957532,98.3035160453091
98.74087378576962,98.94747440905479,98.41794164211039,98.75897703707646
98.64745372634493,98.68120755996952,98.3340154439773,98.65052754394578
97.73367102324019,97.91482148008069,97.11573488527189,97.68373443061176
97.79878403388187,98.05713766491746,97.56174328500998,97.90420187521602
97.94710492483973,98.15342378139094,97.89104268881556,97.9975838449607
97.51396432016291,97.81567082144372,97.22936341708353,97.65511002431883
98.70612848302983,99.00359442382259,98.03157686644842,98.63137835080333
98.66177366677087,98.87764840853534,98.24059989295904,98.65718740750924
99.82352596604659,100.32049872737586,99.62143158215663,99.80689631039039
100.02053465468467,100.3924588786932,99.71525793844943,100.16265232543397
99.5254885792007,99.9433943978279,99.33213345157466,99.47283142227236
100.05468770007049,100.58862685748795,99.77155671586287,100.0631948803559
100.53075473255387,100.85236681583358,100.27350229660045,100.40888042499998
100.87844357241185,101.09545583276798,100.58697120995676,100.97739492606652
101.27603227188841,101.48767798048428,101.04909179649302,101.10249967683006
102.32282475896504,102.54613582053508,102.17110198241271,102.35444946682418
102.44908069302711,102.99505582152514,102.39077869256673,102.39059189690373
102.29885411795529,102.29392299676239,102.08923371812938,102.34744424075537
102.20679109909264,102.16307034731028,101.58114753669115,102.05920388421636
101.6945083030448,102.10290532935518,101.41345985030291,101.759810688265
101.96748563530137,102.4186678977144,101.36051002293955,102.01949297582979
101.03067953878428,101.72220234988487,101.09049597289359,101.030151934122
101.46125888572664,101.3998956394055,101.2628517025052,101.33490719663155
101.18606716192268,101.70516312122389,100.6580787454548,101.20246201607937
100.46104747784901,100.75912778541802,100.07825148356905,100.54536917370436
99.53491924447613,99.60895566437459,99.31376795084446,99.42404692371194
99.09511525333286,99.40838099159306,98.63733356432452,99.00586725080595
99.24468725035864,99.64555070454628,99.11226135989551,99.33699749451495
98.47949583346339,98.97562012771621,98.40277282799957,98.55539771921279
98.16082646537309,98.37917467522954,98.09733718586651,98.16300296627891
98.26869969872425,98.5637770066583,97.88602993527314,98.36210403759634
98.57294516494044,99.06910331619486,98.51574972021034,98.62039243576601
98.4137944616024,98.92003789356797,98.10820022400475,98.42834234302764
98.2140877366576,98.44825220174914,97.90050870753642,98.29065612634844
98.17903235642231,98.31784260110047,97.82436367528746,98.2498634026055
98.43828069433113,98.60472280176079,97.93744167253004,98.40247502450165
98.39290395035064,98.31836739387577,97.9583658027586,98.31144651031855
98.00612007196987,98.42108470797028,97.84128981169484,98.09280985236457
97.44648248588052,97.74624999644075,97.48868300009471,97.51700504540166
97.44278613837227,97.63857204767939,97.32909791524334,97.39544093681623
97.88629762689638,97.87574216507964,97.23991481333259,97.7779698024964
97.35931711963131,97.83996460479311,96.80737998357749,97.30898189039735
97.34047956959701,97.4268597482655,96.90163869949328,97.424960225403
96.92951398951885,97.21887624246004,96.79565018156748,96.78746471721976
96.99582104287333,97.55546756610522,96.47863733003129,96.98620671067933
96.67915126860227,96.82382957747713,96.42578789577452,96.62991007810737
96.15219297133733,96.39295783568971,95.60465572452188,96.18722010804449
96.53586445160386,96.93369943356151,96.54657803071159,96.70481976830888
96.68998630506056,96.95917331115528,96.39233627550676,96.76214610677539
96.88453625685862,96.91149071573726,96.73110703491531,96.82493585196526
96.19463791945294,96.61536962504711,95.75968048910529,96.20098361944063
96.73951150301828,97.29037978331739,96.39423061805182,96.79155479899927
97.37734544894887,97.48231601731855,96.97544388850406,97.38334342317567
97.25965756694818,97.3388196333369,97.07110610642248,97.23470044224945
97.90168870749874,98.43210740699887,97.65483875919587,97.97020586104745
97.14846633101973,97.24105985900233,97.13969593941617,97.12742896528401
96.79787382595913,97.03245119942137,96.87809309271886,96.83555041289947
97.39015382675963,97.40875873739394,97.26565319765558,97.44448271814854
98.10176427876593,98.74026496467096,98.16691408104614,98.10019569360541
98.53855126086441,98.53889434071661,98.00356375504931,98.47697092876233
98.508879357335,98.63917098477764,98.29802479383237,98.48891161015455
98.05761539848675,98.30045168964615,98.10083366131568,98.05842732017173
98.1870758414229,98.38648615507036,97.9025134056696,98.18710554290604
97.83463754007954,98.279920471475,97.46632076275705,97.79907973333604
97.57561441796533,97.64289227842711,97.5037376649767,97.60757391082345
97.78930559031471,98.02075177716982,97.62564931665565,97.7307106358626
97.80702596340136,98.21667545470903,97.4806988188763,97.66692350320551
97.02987484686793,97.19481849932922,96.40461977722428,96.92120302483714
96.98556445807203,97.36210669810086,96.7924913363207,96.97243204677865
95.93451371831931,96.31028565587795,95.8166080158048,95.91806304857667
95.87239159738841,96.11313950053076,95.30047477647943,95.72071061645572
95.35094470819459,95.51209290008346,95.1003885532503,95.22840503110363
94.41603466512719,95.00469689784471,94.18574124535792,94.56849925529441
94.60697327051294,94.72682861319971,94.53490995200048,94.64677538058109
94.33398663622403,94.76941548789989,93.84974124936632,94.33191428515649
94.61559177931066,94.95955408629874,94.47947081998007,94.57806336224317
94.99211132912018,95.42882784687306,94.88038168278806,94.96838999465032
94.81246161475592,95.33405822758414,94.73278981139552,94.75810023164954
94.44580489274884,94.53926906451434,94.30344565872863,94.3834531004872
94.09398436832745,94.59044690981408,93.89875838890316,94.0250697954761
94.7916211211496,95.4005034666392,94.7231937871485,94.8355967242358
94.66616665731813,95.33241410485456,94.23996276584288,94.82098623287888
94.40396679758516,94.7197402892698,94.22862999498074,94.37767572715975
93.8184585233242,94.05729306003903,93.47393310258046,93.71878697046452
93.87419778960259,94.1527027442409,93.40726412675802,93.92872505295999
93.89629130919239,93.9207686124129,93.7776463543129,93.95138836030523
92.76525070849104,92.73926578721058,92.22300321624311,92.65081211050834
92.18177273851035,92.51841135053756,91.75109902714624,92.01827761781165
92.16572390948788,92.39828918371796,91.93878726608364,92.27024828488514
91.82577253048058,91.84527257915892,91.62184709230154,91.78791591926651
92.77235617080609,92.81123797219384,92.54196323695588,92.79801190815363
92.46811755213919,92.6981465096995,92.32040765051877,92.43847842838416
93.27887755055038,93.62931520199767,93.0864157205232,93.37659254402743
93.83885816573698,94.25264608202257,93.5107100126027,93.70891802409142
93.97209630266671,93.94414927035876,93.34038533546929,93.97458541101966
94.25344863085259,94.39466245747526,93.72697575312371,94.1987977092438
94.35136748487042,94.37483411433512,93.86888438481641,94.3344180750436
94.4248342972266,94.44207635007743,94.27664447638466,94.39777259112974
94.05586151529897,94.44881294109835,93.55849022986824,93.95158993664207
94.28500733843043,94.52701699525511,93.78722855834052,94.35275386414304
94.61147886505653,95.03190138714591,94.35354388131006,94.47048722523319
95.48921084416101,95.72131930333398,95.15177933693707,95.5481134268104
95.29017423734554,95.35490982822111,94.85282461325593,95.29799782440337
94.42010014390837,94.66678373498613,93.8295683045624,94.34136854587206
93.60287793882922,94.0910139798652,93.24728267638501,93.51800813330975
93.46350449495674,93.69805693021108,93.00121222990012,93.54188329766997
93.4429632729895,93.59433370648766,93.3449291925416,93.47864369148196
93.95617523870634,94.43552403239461,93.84119750728617,93.84119214606201
93.84285722645325,93.9194495586701,93.26120924473011,93.79984257621209
94.28187247519469,94.75172943734333,93.8504699640156,94.25011802586862
94.30153815221084,94.58376344143068,94.05410959147545,94.31064081170581
93.80805883608927,93.8778153488317,93.53020863900797,93.89373571717638
94.64607289385802,95.0125334358096,94.6806179641076,94.66957250183707
94.57406947283552,94.6056793158384,94.23803870758532,94.5985617988384
94.58970216827674,95.0470954229208,94.07751769774255,94.51220523716061
94.05117383209307,94.15933559206958,93.5614032812543,93.99668419198048
94.23686799677208,94.6093208943857,93.72053903690099,94.18146109762111
94.65553682052615,95.05947770104602,94.47748243097834,94.56101691863215
94.99739485926904,95.42582590195947,94.96642475818584,95.06151626305112
95.32580031363028,95.8180246067575,95.18743235303845,95.414315405238
95.1773097713145,95.6241379567938,94.92140708700556,95.29139215304586
95.75548460372286,96.08490769317791,95.47366189303294,95.70284529328774
96.4011702144687,96.96389739590879,95.85479308299189,96.49410390967337
95.38773981642072,95.4203257135196,94.9249331561748,95.38212993738223
95.48685097271022,96.00381621855983,95.07786057523897,95.4762406757046
95.51430868613991,95.6117591921615,95.02525936215025,95.62801446950662
95.45882012347244,95.57303012829323,95.25114531203647,95.39359803919771
94.729270076015,94.80606640440261,94.06067969789969,94.7219769397563
95.45333399730607,95.52278919441913,95.03983175495286,95.3697453615105
95.18543146349447,95.47899047694526,94.91140971452866,95.23972223702457
95.01600853778228,95.55504791488146,94.8054748639581,95.10746126683961
95.08181704775842,95.28001476369558,94.9923541506058,95.16767873188451
95.65500763242882,95.84854239317872,95.30435236712616,95.74420220878052
95.75684206030776,95.83567174145654,95.71506858951172,95.74252592948143
97.01596413445338,97.29718058604921,96.58424895776191,97.03796335956527
97.22188014210836,97.67337898229934,96.76397528285256,97.15704739649226
97.62987364713014,98.10386640899739,97.45742142554667,97.76456340245278
98.1495319782018,98.6322477250051,97.82534697816185,98.26092072215123
98.49453400989398,98.83768903644489,98.15501663998603,98.38432142549452
99.28059363437387,99.84337228108761,99.00651082177998,99.26158938118262
98.71926394488106,98.81904426436594,98.21930633057308,98.72565864018507
98.98298047987424,99.34375478419884,98.80583409151411,98.99473169552446
98.86521720799205,99.31125084659887,98.51008558994862,98.8650797040897
98.64363284901627,98.94564284240217,98.39065604213992,98.71624990917272
98.53437876914344,99.04097708831948,98.51581736195142,98.67907829511176
98.87767871130873,99.38262381312062,98.76821150909763,98.85370413671764
98.65840081542181,98.70214397350215,97.99626287477874,98.59616878061738
98.22463334419771,98.7433680026852,98.14503761990652,98.20307792002622
98.67007762228485,99.23487686932692,98.35184410739511,98.62357435269404
98.80831935770894,99.00819376353388,98.29672313434885,98.8013433294931
98.78548867674714,98.83957540909233,98.30938478354972,98.70449183217069
99.29475790416623,99.75093456710572,98.93630395666175,99.37134333705359
99.82898209762179,99.87910882065208,99.67121285372087,99.77641507105203
99.78388565012212,99.9457829204352,99.43226867078624,99.79046266024802
99.14855188130693,99.2282657221922,98.89613965094333,99.01667258532899
98.93972123029491,99.13022274437297,98.53941558735193,98.90935603883936
98.45630814914954,98.70749129996372,98.08829324823787,98.52603677241275
98.40719862397643,98.38647562280988,98.33672502011993,98.33134607937725
98.9532145553944,99.41007985261786,98.76609148262708,99.05641701821767
98.35707447825223,98.4259008987042,98.14782703289725,98.46459628467568
98.19296647623956,98.50920183580563,97.88679152415486,98.1713818080624
97.62564137231278,97.861233342901,97.18422873704974,97.60835984531622
98.21731256906637,98.84387723307633,98.2655030709675,98.20854613631087
98.21761136518296,98.31894345498831,97.71382078235918,98.20480768600302
97.67989558424628,98.25981300878439,97.51379696210158,97.80608441121645
97.52977752138031,97.86234384522699,97.49333635828584,97.58513373800521
97.3914610376123,97.97698605250433,96.99759563406276,97.44153093302523
97.59668492787232,98.13098954373237,97.23958021102989,97.46162613073004
96.79823423681434,97.16012658052627,96.74174331129853,96.94710286441638
96.76094086986167,97.3200335434651,96.57705594367941,96.79754426252146
96.72115511608855,97.16087561060003,96.5203231791618,96.70165122423437
97.11898528556172,97.38393585220086,96.70447743347411,97.11778290284653
97.2156811372948,97.62075985635705,96.99649301774181,97.3258558395789
96.9101577656643,97.00854361250992,96.43090769845912,96.95951435367533
97.03137578216248,97.5057431925536,96.77055689670672,96.94006076219024
96.31529550949767,96.85880120447072,96.27020503620024,96.39196816140544
96.96620137859868,97.3914164273994,96.71576478939627,97.00095185146732
96.54946611411577,96.71783374482503,95.85610855570116,96.49869434450343
97.3535071932309,97.49740259928843,97.29189463552433,97.52576736559213
97.52261792997939,97.63680129773842,97.1036326833639,97.37205476668822
97.58881894297662,97.61865987759614,97.32301090113175,97.6253919834382
96.770391206682,97.14065815865027,96.439783078456,96.64287558536822
97.38448083805623,97.53345081392125,97.09634028701586,97.29296191170785
96.90889812508382,97.07625049478014,96.76854647370769,96.88407723338263
96.33016922826063,96.61486689749928,96.06655582573262,96.27710617089123
96.95792171994462,97.19055920633389,96.43599525244814,96.79178350272514
96.8044658358628,97.26902503352589,96.76483414685954,96.94419600857451
96.89398100786678,97.10673569021837,96.50530921125285,97.02123829577204
96.1090452875762,96.68970775740245,95.9589299807569,96.07993287394109
96.62309719201531,96.98819314171739,96.34653815461404,96.64252600508169
96.65540944870634,96.6422255043666,96.03793050654211,96.50457648369546
96.660092127743,97.05679739696691,96.0691530394973,96.60388392823371
96.67208734628385,96.95137484503972,96.29775223060898,96.55334419666781
96.1776168184515,96.79217724760682,95.88476754267927,96.1790415244751
96.1803439144168,96.63540925668096,95.73695291179295,96.24281715111073
96.09462432795121,96.50866988432568,95.79864319748683,96.08417300453556
95.25962008903316,95.75070868207523,94.87188714623089,95.37811264076984
95.12520076029973,95.23227328429091,94.49192599485929,95.03257096858742
94.55373653624743,95.07554412276001,94.23033295904193,94.44362291587305
94.11615771681937,94.36757881538112,93.55750135884223,94.1211458121321
93.71921897399505,93.88305904674053,93.44019204769374,93.83342375052726
93.80469640788422,93.90862052403115,93.54129331149397,93.81399767955202
93.75335502203608,94.06066646478783,93.3308395952674,93.84647491579963
94.10053537880347,94.36299605143734,94.03089408062017,94.11865849985682
94.16356193995182,94.28104502228447,93.88186507502284,94.18652313820687
95.45696372252756,95.63783019082604,95.09653028222212,95.34592845599445
96.60322398279793,97.01188890255699,96.22782380637955,96.76081574893816
96.58187470348595,96.69319104949182,96.07387947775054,96.69324971629007
97.50749758003833,97.61154367510734,97.25769070380184,97.38466981802681
97.21813351541927,97.53474941273528,97.14772605990264,97.08174531614972
96.13780930037787,96.23409858487493,96.10439872013272,96.06690698669615
95.35392947553825,95.92986738324466,95.19896362116042,95.42718555938498
94.90668066487974,95.25733907898616,94.77838756204822,94.98571948224024
94.60467558209375,94.78019342053915,94.43422512394251,94.58710357623794
94.46753926147414,94.64988873401914,94.23508691258303,94.34863085760809
94.83990146057653,94.89588390777507,94.39634402794069,94.84596624929578
94.49136709442571,94.70351680888396,94.22602525381733,94.61541081320316
94.55388411097752,94.6693881529664,94.09089907380547,94.64616271908004
95.54517117857792,95.75259866817345,95.51456400356642,95.56305982969795
95.52529182106679,95.63582759378795,94.97226520405988,95.46663125454089
95.18674636530271,95.6138894445104,95.10505705704144,95.24955674925985
94.82097084061202,95.26509820194873,94.83582261516023,94.80400780487439
95.73910700610999,96.23141500438841,95.45333770145395,95.82267925364152
95.65174682358561,96.14945794295535,95.44392031395242,95.55637835295589
95.41820903614746,95.80636371108925,95.36636435833505,95.54546253911988
95.23709176906995,95.28641153497107,95.12985326147317,95.21528748768311
94.43653365996889,94.7081900668229,94.08773047861969,94.41069519003605
95.6345629546243,95.6649090927821,95.15642762081322,95.58026791767391
95.24859619051014,95.57564163584912,95.0647851729606,95.30061866402167
95.16436294041293,95.49164742461613,95.07867494432311,94.98790411380267
95.88417077298286,96.25568796274575,95.79255039388445,95.86351243239072
96.62117267651041,97.15641738065898,96.20487933310557,96.70583823599894
96.37794560533682,96.78538772212744,96.30615822676107,96.24324506649553
96.04673885053177,96.05588028019066,95.53647280362638,96.09241965437337
95.60756163679693,95.77938603526424,95.58724957276934,95.70915502215583
94.92841366913052,95.33413778005075,94.76358068400094,95.11569756541815
95.30933026050553,95.45709404283605,95.1856749187913,95.41988499357373
94.11399062854184,94.5543033766865,93.60438092818703,94.03461528018731
93.08603957172427,93.52664708099718,93.01988150896884,93.10020159056216
93.56516763919925,93.7865763708418,92.93219428313755,93.50493059479581
93.75767596755388,94.19001877243329,93.38830201377819,93.69127022353621
93.2488676640833,93.38808556067602,93.14513772749498,93.27143067279455
93.60218594089554,93.91177706675902,92.97007778009346,93.59929842279324
93.44822723423978,93.50998173397981,92.95153829083434,93.42861673012833
93.25252624798104,93.25746825852714,92.81102871231204,93.26941148190433
92.45334107571395,92.7691057362844,92.43851874397339,92.48277655014523
91.91453089142303,92.20903303718423,91.48032542064841,91.92362787430498
91.12121317810005,91.59553282853192,90.58104991937981,91.07317423636769
90.36514412753647,90.51887590139611,90.12066826818915,90.44871870393742
90.04753272025862,90.24891192975574,89.82041539673365,90.0271831534539
89.91888289774496,90.19408752591184,89.52357415935798,89.99784710541377
89.66579010025691,90.24262132025892,89.14238784162406,89.56087454498743
90.84157536018206,90.90274200286171,90.35534992934528,90.70226799081821
90.51347982533545,90.73370321392026,89.94541957362263,90.57199391829967
90.24192204863101,90.52759380346774,89.63435828009537,90.25357110193109
90.08291566945928,90.16335176239102,89.88073279589116,90.1585350882428
89.9118273426496,90.1665421565043,89.52128737461662,89.86648615767653
89.87741695687741,90.4503436268551,89.46498357671729,89.82766520618287
90.89860374320882,91.32793183620387,90.85636228116351,90.96342230822164
90.24322410382058,90.5425535940603,89.95071662243295,90.31746612480207
90.5960937974255,90.7900478424969,90.58155098974068,90.71755412252934
92.17726411702358,92.58492016914093,92.04935601509031,92.24065624580145
92.21989646649904,92.36894474154161,91.87753299226179,92.23793492752304
92.58406827574615,93.07210761653882,92.53036381291867,92.62948087249336
92.23246480762549,92.5300039241555,92.04450099328923,92.18536884349751
90.65158901899731,90.676914953727,90.53141772207671,90.5860311537688
90.59587565858394,90.75113922107704,90.3304433010496,90.6097138116733
90.29099082054229,90.66414825796734,90.06053786333199,90.24168421870533
90.0356427670115,90.38047253520128,89.48416855437459,90.1105501188814
89.66526572504971,90.02150755195075,89.61871539096427,89.72275874274793
89.64273260095491,90.05394903521834,89.30419228957878,89.6062868844754
89.63293506313101,89.7978818009156,89.3670486904841,89.52675694823782
89.95802544046394,90.03340945147228,89.82766912715061,89.84112130797418
90.17908066498713,90.34583620632777,89.70679483348945,90.04066516374658
90.9721392434442,91.44799671963688,90.46706828313442,90.78674661999628
90.81312072099882,91.23783189666317,90.32448242152324,90.65814308127892
91.17780626651752,91.36839905512596,90.68751627906248,91.15989755568737
90.97764869437793,91.06900613026585,90.39858540051402,91.0424606388061
91.41459000996852,91.7899962751756,91.45125685861244,91.57193775682649
91.27962892624237,91.43317432360898,90.66949460805351,91.09893239214267
90.7573517185861,91.30639277456038,90.5854305655032,90.84948092018114
91.52928903237375,92.00318371373872,91.43325866916824,91.4251197716045
91.0344995078654,91.49437763313601,90.54907687104198,90.99355126115572
91.02418774755816,91.39995086232175,90.75419983216219,90.90317407392594
91.70252087087653,92.12500535684156,91.2808144223017,91.66196933169505
90.66292959454282,91.20556014406439,90.15959469799752,90.58457774789281
90.29960176010512,90.6907950616286,89.66133223857342,90.30087715273405
89.44094587522936,89.5730376237046,89.11966784270795,89.5687676414483
89.33923988001112,89.4558840384035,89.05841452801515,89.28096992044641
88.80757533366592,89.09910967558338,88.56290883800398,88.81918187530219
89.05666197380322,89.098502671636,88.90161736055568,88.92497614262608
88.88046399557894,89.32268910024442,88.49593084037456,88.7961721829586
88.49691479564598,88.8500340447858,88.21737086420246,88.63086428294397
88.44299647946949,88.77974093676455,88.00639012017011,88.4679981687568
87.71669698317314,88.29460877582461,87.28549156801044,87.83885260120228
87.37879017928617,87.53619393690067,87.20540821576105,87.40555853114783
87.49057210153943,87.73611941024198,87.33096263032847,87.43901317718867
87.62975629799405,88.06843854244205,87.42240890873056,87.49050519236116
87.81427258606304,88.27584061230564,87.25162479779841,87.76526790742312
87.7687839728558,88.29370959673453,87.56456620174816,87.89540045891773
87.79788704416,88.15075994572126,87.42029830657178,87.7924715935771
87.29782415564229,87.54768984431277,86.88492911406614,87.20410713000055
87.53387362993618,87.66108805075838,87.5090529453784,87.5274677408785
88.1527905046922,88.47346538804774,88.19587418372605,88.22958528696435
88.32240033879407,88.84165362528145,88.14524048395272,88.34548613815365
88.82811937454332,89.09584533764907,88.43075114985234,88.87449035279703
88.7572668903135,89.2818038752978,88.65331844305481,88.67507428493695
87.90622346448606,87.99879005048132,87.61784310597109,87.86723492728277
88.0496976850339,88.08176242122195,87.70055571975936,88.01310271671282
88.43915989670816,88.66940291255193,88.11039095191568,88.51381458819868
87.85873166653715,88.15353456188447,87.86604768092096,87.9612630783239
87.10742206784177,87.22890086364599,87.12291509710492,87.20891977366337
87.14925346757731,87.31992206294379,86.85037386113893,87.20877425322942
87.07584586270028,87.56793761125941,86.40742674512906,87.02941648681346
87.05994515227451,87.2821248874735,86.49379322013849,87.10434576575675
87.10348020488054,87.48742409907443,87.03706721402271,86.97744944515183
86.42858332177708,86.84201966426434,85.86539622851426,86.30175922468402
86.4917859075656,86.88992954914808,85.98864890866436,86.4936828593288
86.52673068216623,86.67447017151011,86.1032533754542,86.61909823977145
86.11648061018732,86.53250207745174,85.62808957744902,86.16224754445585
86.37642888467137,86.79036331558251,85.79946303972034,86.33221372504566
87.51209078665246,87.97488551879498,87.20455975207844,87.49900147624783
87.98785354293942,88.1617862722328,87.77261355200608,88.02422883178541
88.91530751029504,89.321288580211,88.66627633122559,88.8692928788229
88.59562352210042,88.70982269833466,88.05586703574298,88.60153695006296
89.03242189709638,89.29329689994582,88.51585809213178,88.91255239249186
90.18043263902929,90.60771298009459,89.65017363150235,90.20647001569559
89.27174267214176,89.7535035581453,88.85970821745026,89.24665365197461
89.52447927071215,89.48676668971775,88.94405401302195,89.55620716672688
88.97085686698209,89.52604011560648,88.75591961525434,88.90642723041198
88.55344571079975,88.64797031425266,88.13149056421129,88.59217965214246
88.44506212608194,88.7539883702892,87.9351996324465,88.33235696062474
88.03148433934422,88.19715482203505,87.82478841932706,88.04735864368924
87.29949737546902,87.50459666156365,87.1982477459955,87.21207627530217
87.70365671515344,88.34522345375373,87.29228717652266,87.86236927240888
87.76826010042328,88.33448653826495,87.26585952301478,87.78222434034865
87.25445897240199,87.47973995295958,87.24327225939948,87.34385205191815
86.31041717821745,86.80829723262163,86.25300299961359,86.30764566184861
85.78574749339248,86.11197746826394,85.35969860741908,85.72667372817082
86.0771521293109,86.40298664009597,85.66361850551425,86.21624727907988
86.7389393664816,86.81441508616143,86.29589010860998,86.70539991712246
86.72767025293754,87.02797062602095,86.58679634777856,86.71993208147201
86.68024520966877,87.24614998968215,86.19154516058703,86.75641843222422
87.95090836757633,87.95351726660961,87.86315938392352,88.00371245414127
88.53965489105525,89.00083150087204,88.0558895836343,88.51502482045564
89.02314380221645,89.51662980308785,88.50380873545184,88.97450375901565
89.04768634705974,89.5311470711561,88.82220726961235,88.97333685256248
89.41097406003745,89.73046012289201,88.9746611919969,89.22625095281222
89.52646716049743,89.80874335162025,89.23532417668999,89.45928998114077
89.15420664120944,89.69029506461614,88.60916891752429,89.04059212179651
89.6845892753178,90.07726960780695,89.18957285059926,89.64170528282422
89.51046159220898,89.64721729111815,89.36617169849177,89.52502200108616
89.7006797501362,90.05078822426164,89.49824831875051,89.73626678158342
89.58904953301659,89.62246300179105,88.928000174625,89.45886823879339
90.04072827919298,90.56764131168836,89.98950892909026,89.97398000483845
90.07843152691277,90.15264389681438,89.85792235078044,90.05790285526595
90.36187206761785,90.41130159981506,90.06236849198106,90.41420857865803
90.58110533461917,90.73362917563867,90.43190319351005,90.50867920454925
90.78040668196604,91.00735836829327,90.69472608595137,90.7210696432926
91.12344195837211,91.1528563789907,90.62777214145449,91.11000484256614
91.3611678297174,91.65660241266602,91.2840012075285,91.35857520551662
90.08984944054431,90.18452505986876,89.88418068066142,89.9350221201512
90.15644155582176,90.67830342704103,89.636989663845,90.22253626701682
89.53516339770565,89.86403836215494,89.34258724702349,89.45119253073403
90.34576694411689,90.3882170221288,90.05124371467106,90.36451681802033
91.20839138494115,91.25060846272261,90.75206639327497,91.04579184554433
91.40170073006928,91.56954193199593,90.92125279750448,91.38463244797735
91.64463427587097,92.06027495977166,91.20412072253411,91.64909573581933
90.85929060328299,91.0606735433,90.61934573130515,90.98631490104933
91.14842568264613,91.49271189304035,90.97423503722365,91.0848051884389
91.55405270659054,91.83716750981475,91.55917652148234,91.55109675398982
92.64252646654106,92.83736144149343,92.35719304919982,92.60148690615958
93.11778965066439,93.05487934094498,92.69506669486132,93.07068649707796
93.63291359294382,94.04740167992567,93.26160087388739,93.7014794372075
93.67100533447258,93.96842908610427,93.24639862318872,93.7519162308178
94.34044893171118,94.9431176569747,94.04487310704096,94.32520795397892
94.60294021429489,95.11940670341991,94.5449231427552,94.5223127458089
94.26645622738388,94.55798367418149,94.1746897837932,94.42327299122607
93.44000914439721,93.9709058391147,92.91961453538927,93.5386660073674
94.41486464258907,94.61706787313754,93.86177204837169,94.45249221352879
93.77328876550368,94.01619193094974,93.68248174117177,93.79172458745317
93.17618712874929,93.74995758213691,92.82102296236319,93.21487017753186
93.25223568495183,93.61429151698536,92.82373710969479,93.21620571773067
93.49626066402003,94.01966460790607,93.44485025000596,93.49719683714535
93.53651633477057,93.85758527024595,93.2660638616244,93.4024962637156
92.63313316474415,93.30139285061199,92.58764795369152,92.67726089056775
92.20531650817625,92.34497919298082,91.84772802086684,92.25419241077421
91.06189114976577,91.09608870729973,90.93176695662632,91.05324380935458
91.54912019803123,91.90175960248826,91.18145420670474,91.56831656433265
91.22145686540674,91.75636039540733,90.70954841080902,91.2554962146295
90.85757144465032,90.94693470608053,90.55977318761222,90.76851706241021
91.0412257340365,91.53412692030805,90.51719795529507,90.86582506081876
90.69666559335397,90.88262008171043,90.43440938907221,90.56661131749182
91.00192227496807,91.22722149870188,90.55238786432406,91.01777790967277
91.19048843866987,91.62711510402356,90.84444089504808,91.1979099389407
91.47940687395042,91.63509030407931,90.99138724262016,91.43415308017944
91.12803192902796,91.1822728988614,90.80864401998144,91.12448070741202
89.99746954786322,90.37853153706294,89.63716892073643,89.87860583608807
89.94906694099261,90.17519854488638,89.65129055807505,90.03345282399665
90.04182555537228,90.18340304559213,89.87135747485122,90.11588200131509
89.4274534664223,89.69628891843372,89.1111529001907,89.43488940755587
89.14489958762651,89.28314613511908,88.96923466125754,89.20727909504207
89.39381747957354,89.74500190852795,89.41171169898072,89.45184188977831
89.30831013064437,89.92851977808022,89.325429289566,89.33143728699532
89.76783521862458,90.32330443260425,89.30133848349669,89.6951456842876
90.2612879914562,90.69428876608401,89.86386424635809,90.35140618993067
90.57421740529136,91.10381110370976,90.53350884697588,90.67418843880212
90.24105751442433,90.7399077737246,90.03162719707937,90.2880895299178
91.0649714160929,91.24830789354428,90.69547998461249,91.24000582409619
91.28574794241418,91.66937350634335,90.63353879963033,91.20456632509612
91.87209149965288,92.43883905598804,91.6021290618244,91.96421259720057
91.57133377332936,91.66933959300906,91.40007030897426,91.66229993718312
92.43241864988629,92.95755341583398,92.2232014759707,92.4856990301702
92.9152552270955,93.22212850189221,92.37812539435707,92.8722600072152
93.22199983324232,93.3228607817388,93.2149669535863,93.36883224276372
93.43495709037295,93.43488530427969,93.00993714811054,93.39603696202788
93.40798413108969,93.58181537459053,92.90959139790554,93.43634346733812
93.58513790045673,94.12780511200671,93.25639594801584,93.61821768123825
94.48687578362204,94.92982351345928,94.40259414545544,94.64010725169516
95.26169106555744,95.79232582212383,95.10209793826442,95.24012472429743
94.89215582323274,95.33701232458417,94.54383577856196,94.7553431668127
95.54337847643836,95.71364746091301,95.44720977140837,95.56267286960565
95.21124781322311,95.27668054260361,94.63748286959694,95.08360808475597
95.75309873743527,95.84540360964574,95.4468027909557,95.68534560565135
95.47478014912703,96.0415086524199,94.95609580359265,95.4536562065466
96.23691065820839,96.30183701860675,95.99696866417354,96.28211585256904
95.57329756917146,96.090533555983,95.49644759554182,95.50717499189929
94.99589615509491,95.09709841561029,94.6147890862547,94.938170248477
94.7460715671928,95.06982010196488,94.6974234676843,94.7551207622681
95.46021270948881,95.95977794311979,95.28448254656624,95.5038402711093
95.59698538526894,96.03631226829204,95.22732707455647,95.5038534766003
95.65759181163082,96.16454602551514,95.48256225502276,95.59945913364574
95.43286190355084,96.06871349587068,95.48986199204202,95.49544642676638
94.59632257856872,94.64267174665514,94.61250216283105,94.7006397182673
94.49104958813325,94.93755479941309,94.26789738508164,94.64242159158968
94.86618717821669,94.99157810479306,94.28353768059597,94.73727881407252
95.28905712792657,95.55445303988112,94.63285959609169,95.3133410743394
96.49774472031521,96.61555248811703,96.32071295973607,96.48191921252484
96.48776244262353,96.601796269806,95.96226317461448,96.60168384365976
97.67100041701273,98.14109109304496,97.32004911299627,97.51723346070717
98.2433753400672,98.74252963454802,97.62757747013784,98.18571186675204
98.24736616,98.44996754327092,97.8136802204031,98.24087451053849
98.02646548448924,98.10713199488119,97.81571544512485,98.01068018803403
97.62340500450853,97.90924248860955,97.086633869959,97.76092587465347
97.33040549684614,97.69515366685022,96.72616660276546,97.24604991322317
97.63378736700402,98.2225057758475,97.46500563895086,97.80772831394562
97.57947862830582,98.08854490992226,97.04902371174198,97.6161781800402
97.42844182024169,97.81274912994378,97.33990596293573,97.57352516143861
97.20133213723022,97.49869585595832,96.91397682209201,97.07489904126375
97.00356630672448,97.64842886831075,96.66659100146074,97.14471075150617
96.55690992975457,97.00966370710105,96.33869115450092,96.47729907574222
96.00280299251935,96.21680405909883,95.53401468531564,96.01703299353142
95.72498144842548,95.97751707745961,95.62857540069774,95.77041853800367
96.00223442848562,96.5478720769395,95.7237708189356,96.05732745999826
95.59822772688689,95.68609466622307,95.1019999803848,95.60699233765094
95.84812407558367,96.15043691710369,95.38547991536073,95.87444790253818
95.87612341895897,96.37317762222318,95.2999151281864,95.80460879716608
95.53359249928809,95.70901325540493,95.06316259999775,95.38268122957366
95.41445980273383,95.66226236078565,94.84761380886393,95.40603247091451
95.07044743990433,95.51696850358697,94.76008680885617,95.02239812754665
95.24180820782615,95.47237597173987,94.75434146845703,95.40652026138743
95.78472398872569,95.91611691213271,95.43543555801708,95.892363172777
96.38798790436462,96.7794561418907,95.77730556640452,96.22305441234063
95.51513074155179,95.76298693422497,94.88670347345537,95.45772697069057
95.65156861903505,95.83321930197167,95.1994409051906,95.64266025734909
95.72951335017565,96.09784534109417,95.28447737295302,95.65775561336167
95.25440034825385,95.49518501811562,95.14956133396836,95.16718512227283
94.96273553781137,95.33633186723198,94.93032777510459,95.03351275766683
95.07968986289038,95.57949044352112,95.0603899349173,95.15201566273358
94.41016925882828,94.44138638588764,93.9010855508604,94.42027218138278
94.63326645753007,94.90391522897664,94.47828264499483,94.61288486512343
95.0989055467543,95.63427078100247,94.63758566265037,95.11862994085712
95.96126104689405,96.15164853059596,95.6233973269629,96.02600298989701
96.14519402975581,96.2266967984752,95.7889047249476,96.2442810001109
95.38681986372272,95.77219394422596,95.01618777491048,95.32935456056293
95.50482046938258,95.99595999707705,94.94554660443565,95.3862922235677
95.61605860528515,95.71808699962841,95.30147023383608,95.64119656951982
95.06413875660094,95.55876827800648,94.71520653471417,95.05637285818597
94.86235236846508,95.18971553338446,94.85558663990403,94.94226944734662
95.64555763119705,96.12257383352637,95.39676299364666,95.62924982818504
95.83258318819952,96.09489362571202,95.77857667260692,95.83408512306346
95.14263670979588,95.76465380007426,94.9148965933217,95.28321936218194
94.2269914810368,94.25381118268062,93.83479860960591,94.21932092843495
93.96796159847237,94.42826668302564,93.77642450449756,94.01846699732161
93.95438510170696,94.01001435484567,93.92054842603368,93.91483716778366
94.18533099290136,94.8041480843347,93.86938551510528,94.34248681629684
94.39248992607673,94.73617630387247,94.3756184948384,94.42018242724411
94.6352645004748,95.15314668063633,94.41689742645507,94.62613321050465
94.49969632448908,94.84919108145083,94.20666706751398,94.55520963393816
94.15915173347827,94.34902722706958,93.84384345153745,94.09761282998814
94.14215789869641,94.28787366468875,93.74094482452654,94.28321933411118
93.84182317558103,94.37136272374673,93.62131312529971,93.91170508891291
94.46640953186558,94.62187683721997,94.43100099576465,94.47302766318866
95.28924793228734,95.4379514582408,95.04637642304911,95.28311119347643
95.56129256111895,95.86368341000643,95.58855031675738,95.72810911247797
96.31265387505684,96.49635139351402,96.1022585592406,96.4376208737276
96.80282992706628,97.28580319221687,96.36055999174012,96.80260310935748
97.1358160508907,97.16262787946494,96.71403069195829,97.06282452916443
97.02781457900242,96.9531834813853,96.57239880405561,97.00785546476487
97.15737550919366,97.67631713865924,96.74986404525977,97.17574430818722
97.99135834886783,98.27885692574532,97.4770640072423,97.93856578025235
97.75042731070043,98.24530106098783,97.29466544250374,97.67958180925237
97.48294571248725,98.16579598796405,97.03612729550518,97.48325281924146
98.12333365599787,98.6567030949366,98.13387607536384,98.2739415194171
98.86009327290694,99.12895418297843,98.61151203649096,99.03708595241906
99.6064064686497,100.15192175376411,99.41902093222109,99.56159209012412
99.73075701311,100.07108125509954,99.38462609281343,99.87356908022083
99.95574462239344,100.17841674158295,99.66683461371156,100.0252869126346
99.42280783312901,99.80858205531027,99.02856162901777,99.38814823862376
99.20319691587606,99.42726274754249,98.80511892426968,99.26106302625303
99.01167446972349,99.23914781495198,98.89324899373483,99.02001188668496
98.28593078885291,98.62782312682894,98.35129810504365,98.42740196864153
99.05784089559413,99.62198209798979,98.53240488834425,99.03311851797113
99.23527189833536,99.65993401318373,98.99637130910257,99.29703527391207
99.29245997702903,99.88859455064613,99.2520436718043,99.476728014125
100.32957818387543,100.79496726484095,100.06623831013285,100.16882537142031
100.32559340750745,100.87765772626392,99.96073736486699,100.20785262237524
100.38796562469707,100.65154106000513,99.84806049218096,100.41396551307334
100.5871932505092,100.9461931550508,100.38553034752961,100.61210830852765
100.11253615533681,100.33463508935542,99.73201892383133,100.10237902370606
99.71886888748632,100.10361819550916,99.29383595784756,99.72377366852812
99.8023894123599,100.02221766829263,99.66762569763958,99.9333672152221
99.5859940502258,99.63883417383022,99.44744726028206,99.42714937663885
98.70676625118315,98.8953519876079,98.64643949944752,98.80089244800897
98.88049367103645,99.21944078512743,98.26128474430207,98.81865963972464
98.67283742466506,99.19870696846894,98.08603280029722,98.66559374212683
98.97254124158118,98.97232834923591,98.45768625685477,98.9530303508649
98.9478677689339,99.5102483470365,98.47263362392398,98.92846176667331
98.48656228795069,98.86343449350538,98.31018399150344,98.41982147533382
98.72250381657851,98.91426566332524,98.54818929734834,98.75174696759144
99.31438246666417,99.30912498369499,98.7923343901922,99.182960671855
98.51499664888956,98.64154898391502,98.27731078176478,98.61240724040437
98.87240804183267,99.17523380317542,98.77447245587804,98.98511536768736
98.74588256379704,99.0219879765293,98.17872088239554,98.66381091002242
99.19248539262593,99.69474656774831,99.03967325672745,99.11648986369092
99.139024034505,99.38019321351798,98.80242164878347,99.18464118574232
98.77386552448871,99.10440519225884,98.31133243129453,98.87451083125086
99.16545109917487,99.20367003596763,99.1233766834253,99.2574417906836
99.69933026713552,100.17806637318093,99.28385252858946,99.53011161004882
100.5121605695447,100.77690035452984,100.24774651833164,100.38952125425806
100.06650852066608,100.41991917539022,99.81658611232028,100.0169583829584
99.27952495374988,99.7055997023967,98.99254743268371,99.42391166458577
99.79576966659764,99.80030693595229,99.66376285718727,99.70640148413231
98.80342339834826,99.22324566845133,98.27602062665262,98.84660359117795
98.33607585058127,98.54143620534386,97.95310859495466,98.450397451015
98.81918149074359,99.2095496422699,98.77043220054519,98.7256948635263
98.79201049894323,99.05112708755141,98.36956807260167,98.65300350499074
98.28851853219209,98.28215574151116,97.71076519699048,98.24695328356157
98.20534680182018,98.56013914075523,97.80287360496297,98.03054137330788
98.48847227099449,98.67181629138534,97.94672416214173,98.44398485355568
99.16518919892229,99.28346068762929,98.62086858417699,99.06587508756098
99.28370116420267,99.41119092496403,99.31698118281933,99.41429337959732
99.84406726512213,100.35010613772373,99.32547963468677,99.83861713039224
99.40364130535947,99.92753024474307,99.18539047375181,99.29588366787615
99.44307483635848,99.5951497469965,98.93228425264002,99.42091909175676
98.49512437277176,99.02225000108282,98.22868876461533,98.62188162419064
98.00115386053928,98.13817547281931,97.5347212320704,97.9180908084745
98.19229961068366,98.30108042321197,97.91020303081699,98.05449938488375
97.72935566109176,97.93942625088107,97.6253551660029,97.75434697593012
98.52466476112112,98.93899491044539,98.3854744836805,98.67483536731191
98.60327491552636,98.95510832422808,98.39975164671128,98.74489543872178
98.45876208578854,98.8048685645446,98.3667031836408,98.32231268125979
97.73111784645457,98.02046155041394,97.2239680627903,97.60723628432486
98.15447857009046,98.81847801814106,98.10027549112252,98.29036154631976
98.17594795996605,98.49685420211037,98.03103645693011,98.28074627202668
97.85874226611757,98.11126811421552,97.36769611283263,97.80228878566764
97.98108868847514,98.38817325547599,97.59477514864143,97.97767986256527
